"Id";"Designator";"Package";"Quantity";"Designation";"Supplier and ref";
1;"REF**,6K 5W";"R_Radial_Power_L12.0mm_W8.0mm_P5.00mm";2;"R_Radial_Power_L12.0mm_W8.0mm_P5.00mm";;;
2;"225J630 cap";"C_Axial_L22.0mm_D9.5mm_P27.50mm_Horizontal";1;"C_Axial_L22.0mm_D9.5mm_P27.50mm_Horizontal";;;
3;"60Hz Choke";"L_Toroid_Vertical_L26.7mm_W14.0mm_P10.16mm_Pulse_D";1;"L_Toroid_Vertical_L26.7mm_W14.0mm_P10.16mm_Pulse_D";;;
4;"10MFD CAP,10";"CP_Radial_D8.0mm_P5.00mm";2;"CP_Radial_D8.0mm_P5.00mm";;;
5;"85MFD 450V";"C_Radial_D16.0mm_H25.0mm_P7.50mm";1;"C_Radial_D16.0mm_H25.0mm_P7.50mm";;;
6;"REF**";"C_Radial_D16.0mm_H25.0mm_P7.50mm";1;"IN2 85MFD 450V";;;
7;",,,,,,,,,,,,,";"";14;"";;;
8;"50K POT ADJ 2";"Potentiometer_Bourns_3299X_Horizontal";1;"OHM";;;
9;"15AMP DIODE,15AMP DIODE";"D_5KP_P12.70mm_Horizontal";2;"200 VOLT";;;
10;"FB DIODE";"D_DO-15_P15.24mm_Horizontal";1;"200 VOLT";;;
11;"12VDC Zener";"D_5W_P12.70mm_Horizontal";1;".";;;
12;"800 OHM,100 OHM,800 OHM,5.7K OHM";"R_Axial_DIN0204_L3.6mm_D1.6mm_P5.08mm_Horizontal";4;"OHM";;;
13;"Opto 1";"DIP-6_W7.62mm";1;"1";;;
14;"12VDC ZENER DIODE";"D_5W_P12.70mm_Horizontal";1;"5";;;
15;"2A154,2A154 CAP";"C_Disc_D7.0mm_W2.5mm_P5.00mm";2;"C_Disc_D7.0mm_W2.5mm_P5.00mm";;;
16;"1 AMP,1 AMP,1 AMP";"D_A-405_P5.08mm_Vertical_AnodeUp";3;"1 AMP DIODE";;;
17;"15 K GC";"R_Axial_DIN0204_L3.6mm_D1.6mm_P5.08mm_Horizontal";1;"OHMS";;;
18;"820 OHM,820 OHM";"R_Axial_DIN0204_L3.6mm_D1.6mm_P7.62mm_Horizontal";2;"+";;;
19;"820 OHM";"R_Axial_DIN0204_L3.6mm_D1.6mm_P7.62mm_Horizontal";1;"OHM";;;
20;"50K POT 60Hz,50K POT ADJ 1";"Potentiometer_Bourns_3299X_Horizontal";2;"Potentiometer_Bourns_3299X_Horizontal";;;
21;"555";"DIP-8_W7.62mm";1;"555";;;
22;"FB DIODE";"D_DO-15_P15.24mm_Horizontal";1;"v";;;
23;"15 K";"R_Axial_DIN0204_L3.6mm_D1.6mm_P7.62mm_Horizontal";1;" GC";;;
24;"opto 2";"DIP-6_W7.62mm";1;"opto 2";;;
